{
  "MSE": 0.00010989877184335347,
  "MCC": 0.9648323930090955
}